datetime,headline,summary,url,source,sentiment,confidence,date,score
2025-04-16 11:04:06,"Tesla's first-quarter registrations in California fell 15%, industry data shows","Tesla's electric vehicle registrations in California dropped 15.1% during the first quarter, according to industry data, signaling growing challenges for the Elon Musk-led automaker in the crucial...",https://finnhub.io/api/news?id=090ae8574227a91bafbfe2db8e00e725b92160c734fcd7a4fc01dcdaef4a6c47,Finnhub,neutral,0.9749,2025-04-16,0
2025-04-16 08:40:00,Tesla Stock Drops. Trump Has Created a New Problem For the EV Maker.,"Tesla  stock was falling in early trading Wednesday.  First-quarter earnings are a week away and investors are consumed with tariffs, sales, and protests.  It’s been a volatile few months for Tesla stock.",https://finnhub.io/api/news?id=d0c327ee3be3566dadbbd26668c1a1ccca6e60df5b7969c5d13e3e9ec4ef652e,Yahoo,neutral,0.9634,2025-04-16,0
2025-04-16 06:48:20,"Tesla Suspends Shipments of Components for Anticipated Models Following Tariffs, Says Reuters","By Denny Jacob --Tesla's plans to ship components from China for certain model vehicles in the U.S. were suspended after President Trump raised tariffs on Chinese goods, said Reuters, citing a...",https://finnhub.io/api/news?id=041cd9dc9d2ca5b061891adc61c368d58d76e051b5ef681bdb9b772d5f59cfc9,Finnhub,neutral,0.8805,2025-04-16,0
2025-04-16 01:35:43,"Exclusive-Trump's tariffs on Chinese parts for Cybercab, Semi disrupt Tesla's US production plans, source says","SHANGHAI (Reuters) -Tesla's plans to ship components from China for Cybercab and Semi electric trucks in the United States were suspended after President Donald Trump raised tariffs on Chinese goods amid a trade war, said a person with direct knowledge.  The move could disrupt Tesla's plan to start mass production of the much-anticipated models, which its CEO Elon Musk has been touting to investors as major innovations providing growth momentum of the U.S. automaker.",https://finnhub.io/api/news?id=483c09e55eef6323d18481d5e295fbb41de850909ca2a8a84953172a527b28f5,Yahoo,positive,0.8389,2025-04-16,1
2025-04-16 01:29:00,Is Rivian Stock a Buy Now?,"At one point last year, it fell about 65% from January to April after poor delivery numbers, only to soar more than 100% from its lows on the news of a partnership with Volkswagen.  Can Rivian take advantage of Musk's missteps?  Elon Musk's foray into politics and DOGE (the Department of Government Efficiency) has clearly hurt Tesla and opened the door for electric vehicle (EV) rivals like Rivian.",https://finnhub.io/api/news?id=55ad5f71a909817470b88408b51ca364a5e8c1fc3fbba6c45537a00244a870a6,Yahoo,positive,0.9146,2025-04-16,1
2025-04-15 22:30:46,"'Musk Could Not Tolerate Seeing Such Success' — OpenAI Says He Abandoned And Declared Them 'Doomed,' Then Tried to Destroy It All","If you ask OpenAI, Elon Musk didn't just walk away from the company he helped build — he lit the match and now wants to watch it burn. In a scorching new legal filing, OpenAI fired back at Musk's ongoing lawsuit with a detailed and unfiltered version of events — accusing him of abandoning the company, declaring it dead on arrival, and later launching a campaign to destroy it when it refused to hand him the reins. ""Musk could not tolerate seeing such success for an enterprise he had abandoned and",https://finnhub.io/api/news?id=ecc205fc2ea6e4360e083bd8d58771c01fd1dcb779483a97165d50d6945371f7,Yahoo,positive,0.7408,2025-04-15,1
2025-04-15 20:42:00,"These Stocks Moved the Most Today: Bank of America, Citigroup, Netflix, Boeing, Tesla, HPE, Applied Digital, and More","Bank of America and Citigroup post better-than-expected first-quarter earnings, a report says China ordered a halt to Boeing jet deliveries as part of the escalating trade war with the U.S., and Tesla stock rises after its chart forms a ‘death cross.’",https://finnhub.io/api/news?id=09fb0b39774eddc3da3e544d02d937f4809649943cab8a0fd3ff480122c92535,Yahoo,positive,0.8466,2025-04-15,1
2025-04-15 19:49:22,Gerber: Musk Doesn't Care About Tesla,"Ross Gerber of Gerber Kawasaki says he doesn't like the way Elon Musk ""does things"" but still owns Tesla, expecting that ""something fixes itself at some point"". He joins Ed Ludlow on ""Bloomberg Technology"" to discuss.",https://finnhub.io/api/news?id=2b7ac395aa913e8b05f47817cc696ed1e306076ff346e6df3a0846b2acef0ba6,Yahoo,positive,0.9317,2025-04-15,1
2025-04-15 18:50:57,"Tesla, Inc. (TSLA): Seen as an ‘Embodied AI Secular Winner’","We recently published a list of 10 AI Stocks to Watch Amid Market Volatility. In this article, we are going to take a look at where Tesla, Inc. (NASDAQ:TSLA) stands against other AI stocks to watch amid market volatility. The uncertain macroeconomic environment is diminishing investors’ readiness to pay high prices for stocks related to […]",https://finnhub.io/api/news?id=819e1dbe798e57ff2b77794314832e47ee2a7614d3d9f8b3323920884c274035,Yahoo,negative,0.7403,2025-04-15,-1
2025-04-15 18:41:12,"Trump Ally Marjorie Taylor Greene Bought Tesla, Amazon, Blackstone Before Rally","(Bloomberg) -- Representative Marjorie Taylor Greene sold US Treasuries and bought stakes in Amazon.com Inc., Blackstone Inc. and Tesla Inc. the day before President Donald Trump put a 90-day pause on retaliatory tariffs and prompted a market rally.Most Read from BloombergHow Did This Suburb Figure Out Mass Transit?Trump Signs Executive Orders on Federal Purchasing, Office SpaceEven Oslo Has an Air Quality ProblemLA County Floats Leaner Budget Burdened by Fire and Legal Costs$15 Million Fund Bet",https://finnhub.io/api/news?id=d2bda347e04e62748e3b364ab40899661701bea8aa1020bd9cccfba968f095ca,Yahoo,positive,0.9325,2025-04-15,1
2025-04-15 18:30:20,"Elon Musk, Jack Dorsey Call For Abolition Of All Intellectual Property Laws, Arguing There Are 'Much Greater Models To Pay Creators'","Elon Musk, CEO of Tesla Inc. (NASDAQ:TSLA), and Jack Dorsey, co-founder of Twitter (currently X) as well as Square, now called Block Inc. (NYSE:XYZ), have ignited a debate over intellectual property rights. The tech magnates have suggested a complete eradication of IP laws, a move that has stirred controversy in the tech industry. What Happened: Dorsey initiated the discussion with a post on X stating, “delete all IP law.” Musk, who now owns X (formerly Twitter), promptly agreed with Dorsey’s se",https://finnhub.io/api/news?id=430585d0a3b8de400fd900de350e9c38de1d86e4c33a44a16d387d95044cb799,Yahoo,positive,0.6672,2025-04-15,1
2025-04-15 17:00:00,Should You Brace for Mag-7 ETFs Before It's Too Late?,"Mag-7 stocks are in the deep correction zone now, and valuation is down to the pre-ChatGPT level. Although the group has fallen from grace, core strengths remain intact.",https://finnhub.io/api/news?id=dd536edbe06328d31654e0544c70e585bb02e20f891f79831b0f3ef23e4b806c,Yahoo,positive,0.9152,2025-04-15,1
2025-04-15 16:29:28,"Brand Issues Could Permanently Damage TSLA, Prominent Analyst Says","If Elon Musk continues to lead DOGE, the automaker’s “brand issues would create permanent brand destruction,” warned Dan Ives, a prominent analyst at Wedbush Securities, recently. However, Ives added that he believes that Tesla’s (TSLA) “base valuation” is poised to eventually reach “$2 trillion or more.” The Dichotomy of TSLA Tesla’s “brand issues have been […]",https://finnhub.io/api/news?id=ba76c8dc617dd09675105d3360d25e0e11564193c4afdcb184e7102df1ecd823,Yahoo,neutral,0.9614,2025-04-15,0
2025-04-15 16:02:06,"Potential Auto Tariff Pause 'Good News' for Tesla, Detroit Big 3, Wedbush Says","A potential delay or pause in auto tariffs as floated by President Trump on Monday is ""good news"" fo",https://finnhub.io/api/news?id=ee6e5cc54b3c64bd46391773878646979226c0196008021b3e206be7c7f9b6f4,Yahoo,negative,0.8951,2025-04-15,-1
2025-04-15 16:00:00,"Former Tesla supply chain leaders create Atomic, an AI inventory solution","Tesla famously struggled to scale up production of the Model 3 sedan in 2018 -- so much so that CEO Elon Musk said his company was weeks away from collapsing. That near-death experience helped spawn a whole new company called Atomic that's built around using AI to streamline supply chains. Co-founded by former Tesla employees Michael Rossiter and Neal Suidan, Atomic was created inside DVx Ventures, the firm run by former Tesla president Jon McNeill. Rossiter is also a partner at DVx, which has l",https://finnhub.io/api/news?id=4f0d21c06c7616b7887135fd9e29f2433650963eb6c5a140401cea19d97b4961,Yahoo,positive,0.8803,2025-04-15,1
2025-04-15 15:56:00,"The 'fairy tale' problem with Trump's car tariffs, according to an analyst",One major auto-industry tracker thinks President Donald Trump’s vision of purely U.S.-made cars is purely fantasy.,https://finnhub.io/api/news?id=6a21179984ed4197d72f4aea329a940aec89c0ba8dbf6c7190e85ca25201deb7,Yahoo,neutral,0.834,2025-04-15,0
2025-04-15 15:48:11,"As Trump considers auto tariffs pause, parts exemptions could be key for US industry",DETROIT — President Donald Trump hinted that he might temporarily relieve the auto industry from “permanent” tariffs he previously imposed on the business. The president didn't specify how long...,https://finnhub.io/api/news?id=9a7c52081b8e707887e7d86fa6b37845f3818f228f750f15946c0dc7b1c7210b,Finnhub,negative,0.7862,2025-04-15,-1
2025-04-15 14:00:32,Tesla (TSLA) Reports Next Week: What to Know Ahead of the Release,Tesla (TSLA) doesn't possess the right combination of the two key ingredients for a likely earnings beat in its upcoming report. Get prepared with the key expectations.,https://finnhub.io/api/news?id=c946dd86bb6204e97b6666ff963bc6aa9cb277f722c62426197b12360c07b738,Yahoo,positive,0.946,2025-04-15,1
2025-04-15 13:50:00,Tesla Stock Forms a ‘Death Cross.’ What That Means and What Happens Next.,"The early move comes after Tesla’s stock chart formed a new death cross on Monday.  For traders, a death cross is a sign that a stock is losing momentum.  Tesla stock, however, is always its own thing.",https://finnhub.io/api/news?id=a61a34dc06cb8ad7f19a5c6089eefa2fd8df8d7d48e48b2e8b3281a67d265642,Yahoo,positive,0.9306,2025-04-15,1
2025-04-15 13:50:00,"These Stocks Are Moving the Most Today: Boeing, Tesla, Bank of America, Citigroup, J&J, Netflix, Rocket Lab, and More","A report says China ordered a halt to Boeing jet deliveries as part of the escalating trade war with the U.S., Tesla’s stock chart forms a ‘death cross,’ and Bank of America, Citigroup, and Johnson & Johnson post better-than-expected first-quarter earnings.",https://finnhub.io/api/news?id=fa5bfbff9074da21c0ea9c0142970ff708478c967a62e83a1830338c24a0d442,Yahoo,positive,0.8596,2025-04-15,1
2025-04-15 13:31:00,Tesla Q1 Earnings Likely to Disappoint Investors: Things to Note,"The Zacks Consensus Estimate for TSLA's to-be-reported quarter's earnings and revenues is pegged at 45 cents per share and $21.85 billion, respectively.",https://finnhub.io/api/news?id=dd06ddfd1df022cdc0059e93994f51b62ffe7f8c9ff0906bb5fd1cd2f66d51cc,Yahoo,positive,0.6965,2025-04-15,1
2025-04-15 13:17:00,"Tesla, Ford, General Motors brace for tariff squeeze in ‘no ordinary’ earnings season for beleaguered car industry","Tesla, Ford, General Motors brace for tariff squeeze in ‘no ordinary’ earnings season for beleaguered car industry",https://finnhub.io/api/news?id=853a26f4e42ae9a3f9ac6d7ee9e6416541dfd642e787be774d79a0510033710e,MarketWatch,neutral,0.8925,2025-04-15,0
2025-04-15 13:10:08,"Is Tesla, Inc. (TSLA) the Best Machine Learning Stock to Buy Now?","We recently published a list of the 10 Best Machine Learning Stocks to Buy Now. In this article, we are going to take a look at where Tesla, Inc. (NASDAQ:TSLA) stands against other machine-learning stocks. Grand View Research reported that the global machine-learning market was valued at $36.73 billion in 2022. It’s now expected to […]",https://finnhub.io/api/news?id=438eea6f9802678d9818cbea1bdcbcbef71fa76c5d5a218b0915939d361ad71c,Yahoo,positive,0.8809,2025-04-15,1
2025-04-15 13:00:13,"Here is What to Know Beyond Why Tesla, Inc. (TSLA) is a Trending Stock","Zacks.com users have recently been watching Tesla (TSLA) quite a bit. Thus, it is worth knowing the facts that could determine the stock's prospects.",https://finnhub.io/api/news?id=f35e4b21456711bedf1c2ebaa4a8534bddf76c08ac08fd782a3b52b9198c1e89,Yahoo,positive,0.926,2025-04-15,1
2025-04-15 12:51:00,"These Stocks Are Moving the Most Today: Bank of America, Citigroup, Netflix, Boeing, Tesla, HPE, Applied Digital, and More","These Stocks Are Moving the Most Today: Bank of America, Citigroup, Netflix, Boeing, Tesla, HPE, Applied Digital, and More",https://finnhub.io/api/news?id=bf019594dd2dd7fd83f7bbf208c0ba87860f8d2eb082eea3b9277c128f9c8b28,MarketWatch,positive,0.8567,2025-04-15,1
2025-04-15 12:23:00,Tesla Stock Forms a ‘Death Cross.’ What That Means—and What Happens Next.,Tesla Stock Forms a ‘Death Cross.’ What That Means—and What Happens Next.,https://finnhub.io/api/news?id=6f90e52e79d6734af96a63647133227b6e77283465c572f262e10bd968f1683e,MarketWatch,positive,0.931,2025-04-15,1
2025-04-15 11:37:20,Latest News In Energy Transition - Global Companies' Push Towards 100 Percent Renewable Electricity,"A new report titled ""Deep Dive into Renewable Energy Procurement"" highlights the commitment of over 400 global companies to transition to 100% renewable electricity, with 278 targeting completion by 2030. The report examines various methods of renewable energy procurement, such as on-site generation, power purchase agreements, and supply contracts, each presenting its own challenges and benefits. It underscores the increasing complexity and necessity for businesses to adapt to renewable...",https://finnhub.io/api/news?id=e7a94a128f45b58606c00da94eaa15ee9ca60072eb8015dcacaada7371f46b50,Yahoo,negative,0.7604,2025-04-15,-1
2025-04-15 11:35:41,Top Growth Stocks With High Insider Stakes In April 2025,"The United States market has shown robust performance recently, rising 6.8% over the past week and 5.9% in the last year, with all sectors experiencing gains and earnings projected to grow by 14% annually. In this promising environment, growth companies with high insider ownership can be particularly appealing as they often indicate strong confidence from those closest to the business.",https://finnhub.io/api/news?id=2806c71c8a6e4d9f4f61b99a116bcb0b568e8640e65238aacd1b2877bb766a1a,Yahoo,positive,0.7255,2025-04-15,1
2025-04-15 10:41:02,NIO: Trade War Could Be A Major Boon,NIO's vehicle deliveries and gross margin improvement were very impressive in the recent quarter. Read why I maintain my buy rating on NIO stock.,https://finnhub.io/api/news?id=5859df6df5d6bc1e3a753006941a9a78f62fdf4f9d5649a34f029ef8526f2f7e,SeekingAlpha,neutral,0.8058,2025-04-15,0
2025-04-15 10:00:00,Large cryptocurrencies mixed as Avalanche drops,Large cryptocurrencies mixed as Avalanche drops,https://finnhub.io/api/news?id=1b203b058236e83f80b68b6b2ab4a4ea3652c65d08c3c496569514c1d14b3c0a,MarketWatch,neutral,0.936,2025-04-15,0
2025-04-15 09:52:38,Dow Jones Rises After Key Economic Data; Bank Of America Jumps On Earnings,Dow Jones Rises After Key Economic Data; Bank Of America Jumps On Earnings,https://finnhub.io/api/news?id=56a1fedcaaeb9b6aaeacf23b468243d05dc15d4248834c35b5e861a63b4f8e9f,DowJones,positive,0.4366,2025-04-15,1
2025-04-15 09:22:00,Honda gains access to Tesla Supercharger network,The automaker joins a growing list of companies tapping the EV segment leader’s fast-charging technology.,https://finnhub.io/api/news?id=37fc0a554a1debb6b59c3f378a2707bced96e5d515a01dde5a31f5754d4e26db,Yahoo,negative,0.8914,2025-04-15,-1
2025-04-15 09:21:08,Tesla begins sales in Saudi Arabia,Charging stations to follow sales outlets in major cities.,https://finnhub.io/api/news?id=9c9265eaf7571791442227bd2ed8a18f0f161ed2c37d71740d635d98c0fd2400,Yahoo,positive,0.8824,2025-04-15,1
2025-04-15 09:12:58,Anticipating Volatility: A Look At Tesla's Upcoming Earnings And Options,"Prepare for Tesla, Inc.'s April 22 earnings with a $252 April 25 straddle. Click for my look at how TSLA stock may react to the release and my strategy.",https://finnhub.io/api/news?id=a98a1b73e7a55552398dfff89c90a6cb2ed90f09a76a250dadad6960d2ae8738,SeekingAlpha,positive,0.9357,2025-04-15,1
2025-04-15 08:47:00,Not So Fast. Large Institutional Investors Still Care About DEI.,Not So Fast. Large Institutional Investors Still Care About DEI.,https://finnhub.io/api/news?id=3fc9840f239302089506b9b89ebeedada111fbe91c093e5a4e2cb21b18212ace,MarketWatch,positive,0.9109,2025-04-15,1
2025-04-15 08:41:00,"Down 47%, Is Tesla Stock a Buy, Sell, or Hold in April?","A $1,000 investment in this electric vehicle (EV) and clean energy business 10 years ago would be worth an eye-popping $17,920 today.  This translates to an unbelievable 1,690% return, turning this into one of the world's most valuable and influential companies.",https://finnhub.io/api/news?id=f92b8227cfd4fc92374a8fbc176d96ee25235d1c2f8c4f1e9906c10088e88503,Yahoo,neutral,0.7232,2025-04-15,0
2025-04-15 04:57:07,"Man arrested in arson attacks targeting Tesla, GOP office in Albuquerque","Federal authorities have arrested and charged a 40-year-old man in connection with arson attacks at an Albuquerque Tesla dealership and the office of the Republican Party of New Mexico.The suspect,...",https://finnhub.io/api/news?id=37e0417de7f09a01c64918793282a3eded53ec2c5b485c30c19eb8e80a193cc6,Finnhub,neutral,0.5743,2025-04-15,0
2025-04-14 21:36:30,"Dow Jones Futures Fall: Trump Tariffs Spark Stock Market Rally; Netflix, Palantir, Spotify Lead Best Stocks To Watch","Dow Jones Futures Fall: Trump Tariffs Spark Stock Market Rally; Netflix, Palantir, Spotify Lead Best Stocks To Watch",https://finnhub.io/api/news?id=4280ef6ad3db79c06c719557dac69cc53158aacf5281787cc29b139eaa8261cf,DowJones,negative,0.7336,2025-04-14,-1
2025-04-14 21:30:25,"Jeff Bezos-Backed Slate Auto To Take On Elon Musk's Tesla, Rivian With Budget EV Pickup: Report","Jeff Bezos is reportedly backing a Michigan-based all-electric mobility startup, Slate Auto, with a goal of developing a cheap single-cab EV truck to take on the likes of Tesla Inc. (NASDAQ:TSLA) and Rivian Automotive Inc. (NASDAQ:RIVN). What happened: A report published by TechCrunch shared that the company is backed by Amazon.com Inc. (NASDAQ:AMZN) founder Jeff Bezos. The report said that Slate Auto has brought in people from the likes of Ford Motor Co. (NYSE:F), Harley-Davidson Inc. (NYSE:HOG",https://finnhub.io/api/news?id=b2d61a031ad375b2a8c395e6c6b1b992daf929eb84d92234faea644d3d31e51b,Yahoo,positive,0.8317,2025-04-14,1
2025-04-14 20:34:00,Tesla Stock Wobbles Despite Some Hope on Tariffs.,"There could be one reason for optimism when the EV maker posts first-quarter numbers, says RBC analyst Tom Narayan.",https://finnhub.io/api/news?id=4b2b7147440dde4189b460ec214a0ea8c1edc3dc98e50f50d1ad309f525ce09b,Yahoo,neutral,0.9601,2025-04-14,0
2025-04-14 20:16:00,"These Stocks Moved the Most Today: Apple, Dell, Nvidia, Tesla, Goldman, Intel, Palantir, GM, Ford, and More","Shares of Apple and Dell Technologies rise after the Trump administration exempts smartphones, computers, memory chips, and other electronics from broad tariffs, Nvidia will for the first time make artificial-intelligence supercomputers entirely in the United States, and Goldman Sachs reports better-than-expected first-quarter earnings.",https://finnhub.io/api/news?id=0da0c8b19b3ea17de4bb45e4209ca8ea151d62d39f6b6e0099cacdbed4c3d908,Yahoo,positive,0.8393,2025-04-14,1
2025-04-14 19:05:19,Tesla Pulls Plug on Model S and X Orders in China as Tariff War Heats Up,Tesla halted Model S and X orders in China amid rising tariffs.,https://finnhub.io/api/news?id=ded7e89497e02129a37dd4ad04e26fc0cd150ab03c1f5b920505e66abe1999a2,Yahoo,neutral,0.9537,2025-04-14,0
2025-04-14 16:50:00,"These Stocks Are Moving the Most Today: Apple, Dell, Nvidia, Tesla, Goldman, Intel, Palantir, GM, Ford, and More","Shares of Apple and Dell Technologies rise after the Trump administration exempts smartphones, computers, memory chips, and other electronics from broad tariffs, Nvidia will for the first time make artificial-intelligence supercomputers entirely in the United States, and Goldman Sachs reports better-than-expected first-quarter earnings.",https://finnhub.io/api/news?id=3e9051eaf6e7e6cbd650aae20c3be17ca23122ec4c2fd0e5c09a552aff42128a,Yahoo,positive,0.863,2025-04-14,1
2025-04-14 16:40:00,Tesla Stock Falls Despite Some Hope on Tariffs.,"There could be one reason for optimism when the EV maker posts first-quarter numbers, says RBC analyst Tom Narayan.",https://finnhub.io/api/news?id=b7aedab4b9065e5b66b8c2a43d28c9ad942765f241d02f3e874bbad362352a1d,Yahoo,neutral,0.8646,2025-04-14,0
2025-04-14 16:31:00,This Stock Is Soaring on China’s Rare-Earth Metals Export Ban. It’s Ready for the Challenge.,This Stock Is Soaring on China’s Rare-Earth Metals Export Ban. It’s Ready for the Challenge.,https://finnhub.io/api/news?id=633c933f5fa80971528694b09c81e1e30f5b8f096b0217d765d6e63c62b0375f,MarketWatch,negative,0.7025,2025-04-14,-1
2025-04-14 16:28:46,"Why Tesla, GM, and Rivian will be hurt most by China's critical minerals export ban","China’s suspension of critical rare earth minerals exports to the US could become a major headache for US companies, particularly automakers like Tesla, GM, and Rivian.",https://finnhub.io/api/news?id=8990b744ffa80a9a42f83b5b361058ca23d189e78ea82becbfaf6dd40d37275b,Yahoo,neutral,0.9443,2025-04-14,0
2025-04-14 16:22:00,Ford and GM Stocks Pop After Trump Says He’s Looking at Auto Tariff Pause,Ford and GM Stocks Pop After Trump Says He’s Looking at Auto Tariff Pause,https://finnhub.io/api/news?id=76532357002b9c1cc5c9b56af33777b80585501ceb2f8a917e038ab8e396bffa,MarketWatch,neutral,0.5526,2025-04-14,0
2025-04-14 14:56:35,"Stocks to Watch Monday: Apple, Palantir, Intel, Pfizer","↗️ Goldman Sachs (GS): The Wall Street bank posted better-than-expected results, boosted by a surge in equities trading in the first quarter, which ended just before President Trump's sweeping tariffs disrupted markets.",https://finnhub.io/api/news?id=d063925936e070a53c8d84064e46db0f291eda787cc6f7b43ae5c1df118386d8,Yahoo,positive,0.8773,2025-04-14,1
2025-04-14 14:56:08,Justice Department charges man with arson at New Mexico Tesla dealership and GOP headquarters,"WASHINGTON — The Justice Department has charged a man with vandalizing a Tesla dealership in New Mexico and setting fire to the headquarters of the state Republican Party, according to court...",https://finnhub.io/api/news?id=88684c528b36910183761ce6a9c7f65e769f5514e88e1b548967b4853912ab76,Finnhub,neutral,0.7707,2025-04-14,0
2025-04-14 14:24:43,"US charges man suspected in arson attacks at New Mexico Republican headquarters, Tesla","The U.S. Justice Department on Monday charged a man it suspected of carrying out two recent arson attacks against the New Mexico Republican Party's headquarters and a Tesla dealership in the state, in...",https://finnhub.io/api/news?id=55ff2b68f12c8b9429cf9f3a817679812c7649f10bc354756d3cc91aefcb251f,Finnhub,neutral,0.727,2025-04-14,0
2025-04-14 14:09:00,Aristotle Large Cap Growth Q1 2025 Commentary,"For Q1 2025, Aristotle Atlanticâs Large Cap Growth Composite posted a total return of -9.55% gross of fees (-9.68% net of fees). Read more here.",https://finnhub.io/api/news?id=e906c48925d7c3a8d1cb7fb94d8acf9806858b2c1a5ee43a36f1dd79fd117e8a,SeekingAlpha,negative,0.7069,2025-04-14,-1
2025-04-14 13:58:43,"Trump, 'Looking To Help,' Lifts General Motors, Ford. Tesla Not So Lucky.","Trump, 'Looking To Help,' Lifts General Motors, Ford. Tesla Not So Lucky.",https://finnhub.io/api/news?id=81a27e761ca5ef95a92733d4e42945fab66ccd44996c5c4c53bd9a14609e5c88,DowJones,positive,0.8213,2025-04-14,1
2025-04-14 13:42:24,"Tesla (TSLA) “Holding Up Well,” May Be Better Positioned Than Other Big Tech Names, Schwab Analyst Says","“Tesla (TSLA) has been holding up quite well over the past couple of weeks,” Schwab Network Correspondent George Tsilis said on the network recently. Moreover, TSLA does “not necessarily have the most exposure to international” catalysts, Tsilis added. An economist who worked for CME Group in the past, Tsilis was also a Financial Advisor for […]",https://finnhub.io/api/news?id=0183603e696992415b7aa6d6ecc5d0f89f5aefa9716596ce421919bae84065f4,Yahoo,negative,0.9477,2025-04-14,-1
2025-04-14 13:22:37,Tesla: Even More Bad News,,https://finnhub.io/api/news?id=c5a7e8bb4818c2889cc24a2e28d615aaacdd692c2e70afc329c8ea0be3df44a6,SeekingAlpha,neutral,0.7699,2025-04-14,0
2025-04-14 12:41:37,Rivian: All Eyes On Gross Margin For Upcoming Earnings,Rivianâs upcoming quarterly earnings should give good insight about the potential of future margin and revenue expansion. Click here to read RIVN is a Buy.,https://finnhub.io/api/news?id=8460eba3d85894c5608e5104fbd8c63c951277a90cf16536c98b56d77841b157,SeekingAlpha,positive,0.9045,2025-04-14,1
2025-04-14 12:35:34,"As Tesla Slides, Benchmark Says Automation and Autonomy Could Spark Turnaround","Despite political backlash and market pressure, Tesla's next vehicle launch and robotaxi rollout could revive investor interest",https://finnhub.io/api/news?id=d89212b30596922abec3bd630bca80b65b8d998b5f17bcd86d5f543c329f9256,Yahoo,neutral,0.5533,2025-04-14,0
2025-04-14 12:22:36,"Tesla's Tumble Nears Its End, Benchmark Analyst Foresees Rebound Ahead",Benchmark Sees Political Fallout Easing as Tesla's Slide Nears Breaking Point,https://finnhub.io/api/news?id=481b7d6f947e4e6d92510ea569d2128959041238036739272c71585cadf06acf,Yahoo,negative,0.8951,2025-04-14,-1
2025-04-14 12:05:00,2 High-Growth Electric Vehicle (EV) Stocks to Buy Now (Hint: Not Tesla),"Tesla (NASDAQ: TSLA) has been one of the best investments of all time.  With a market cap of nearly $800 billion, Tesla's biggest days of growth are arguably behind it.  This reality has caused investors to search for the next Tesla capable of producing huge gains.",https://finnhub.io/api/news?id=5b804065ac02ca6e861d6ebf4a15bfc553cefaa0826be7a991ac46fcb370a9f2,Yahoo,positive,0.9117,2025-04-14,1
2025-04-14 12:00:42,The bond market is headed for a crisis,"You can catch Opening Bid on Apple Podcasts, Spotify, YouTube, or wherever you get your podcasts. While a lot of attention has been focused on the volatile stock market, investing pros say it’s time to shift more focus to the bond market. Indeed the market is undergoing its own major convulsions amid Trump tariff concerns, which is rattling many investors around the world. Of note is that as stock prices have sold off, bond prices have sold off too. That despite Treasurys often being viewed as a place of safety during stock market turbulence. The moves in the bond market are sending signals that the US may have trouble paying its future debts and could fall into a recession soon. Yahoo Finance Executive Editor Brian Sozzi sits down with bond market expert and founder of The Bear Traps Report Lawrence McDonald to get his thoughts on the high-stakes situation. McDonald says a Lehman Brothers-like moment may be coming to markets. He adds there are other ways to invest in Nvidia (NVDA) besides investing in Nvidia, suggesting metals stocks or the hard assets themselves. For full episodes of Opening Bid, listen on your favorite podcast platform or watch on our website. Yahoo Finance's Opening Bid is produced by Langston Sessoms",https://finnhub.io/api/news?id=e32645acb88c2a9d3fc6114f86b334bb629e747b379af367b554a6869b3854ff,Yahoo,neutral,0.5438,2025-04-14,0
2025-04-14 11:09:07,BYD Company: A Better Bet Than Tesla,"BYD Company posted 24.8% YoY delivery growth in March and expects up to 119% profit growth in Q1 2025, outpacing Tesla. Learn why BYDDF stock is a strong buy.",https://finnhub.io/api/news?id=c976a4fec99b0415932820dfc2d7dcbdd9e6756b7908c358a0f7e66ecef66583,SeekingAlpha,positive,0.7628,2025-04-14,1
2025-04-14 10:46:58,Tesla Vs. BYD: Tesla Brand 'Destruction' Takes Toll As Fast-Charging Rival Booms,"TSLA stock is near 2025 lows with Q1 earnings due amid Elon Musk brand ""destruction."" BYD earnings are surging amid multiple growth drivers..",https://finnhub.io/api/news?id=3de5af6206255ef7bf280e527cf43fc5be586ebab25af4ad4301733974228120,Yahoo,positive,0.7115,2025-04-14,1
2025-04-14 10:11:11,Reincorporating A Delaware Entity Elsewhere: Could This Be The Next Great DExodus?,"Amidst a flurry of recent reincorporations—conveniently coined DExits—of major corporations such as Dropbox, Tesla, and potentially Meta, Delaware's future as a corporate safe-haven faces...",https://finnhub.io/api/news?id=b23c2496221d1e3c82eb6fd47e6a5dc35f2e5bda6d7a6e429709b66beda65dbc,Finnhub,positive,0.935,2025-04-14,1
2025-04-14 10:00:00,Large cryptocurrencies rise as Ethereum rallies,Large cryptocurrencies rise as Ethereum rallies,https://finnhub.io/api/news?id=6761df6f10adc78c304317f7bede84e2d648a2cce806100574291ff51514935f,MarketWatch,negative,0.5628,2025-04-14,-1
2025-04-14 09:47:02,"Dow Jones Surges 500 Points On Trump Tariff News; Apple, Nvidia, Tesla Rally","Dow Jones Surges 500 Points On Trump Tariff News; Apple, Nvidia, Tesla Rally",https://finnhub.io/api/news?id=949debc0bb34e46204dbc7d79b8ea4cd46bd71cc32a56b4b3350550940749adc,DowJones,positive,0.5041,2025-04-14,1
2025-04-14 09:10:44,3 Reasons to Sell TSLA and 1 Stock to Buy Instead,"Tesla currently trades at $255.91 and has been a dream stock for shareholders. It’s returned 441% since April 2020, blowing past the S&P 500’s 90.9% gain. The company has also beaten the index over the past six months as its stock price is up 16.8%.",https://finnhub.io/api/news?id=6ba714fb110554c64b5ec41fbcbe15e1fa8c21fdc795c6acf89dfaae176237ce,Yahoo,positive,0.9452,2025-04-14,1
2025-04-14 08:14:00,"Warren Buffett Bought This Electric Vehicle (EV) Stock in 2008. Even After a 2,000% Return, It's Still a Buy in 2025. (Hint: It's Not Tesla.)","Warren Buffett owes a lot to the late Charlie Munger, his longtime friend and Berkshire Hathaway vice chairman.  Since Buffett received that advice in 1965, he has provided investors with a 20% compound annualized return.  Munger was by his side for most of those 60 years, and he found quite a few wonderful businesses to invest in himself.",https://finnhub.io/api/news?id=f22094421074a67326027bdc7cb30f359c6b97f883dde345b400e33819a00362,Yahoo,positive,0.8854,2025-04-14,1
2025-04-13 21:19:33,"Alphabet May Become The Largest Company In The World, Here's How",I believe that Alphabet (GOOGL) is moving more rapidly to grow a number of its divisions. See why I think it may become the largest company in the world.,https://finnhub.io/api/news?id=b437efb93217ac04155848658e9974d3560f198ebeb0fddd8ceaa26ad44e1648,SeekingAlpha,positive,0.9041,2025-04-13,1
2025-04-13 16:19:00,ClearBridge Large Cap Growth ESG Strategy Q1 2025 Commentary,The ClearBridge Large Cap Growth ESG Strategy outperformed its Russell 1000 Growth Index benchmark in the first quarter. Read more here.,https://finnhub.io/api/news?id=9dce9a7e0cb758c599555c55ee64d26c6885c4334e8b06c537fed55dc1ed5daf,SeekingAlpha,positive,0.871,2025-04-13,1
2025-04-13 13:15:00,ClearBridge Appreciation ESG Strategy Q1 2025 Commentary,"Marketâs sector performance exhibited a defensive posture in Q1 with health care, consumer staples, utilities and real estate the top-performing industries, outside of energy.",https://finnhub.io/api/news?id=e1482822139534b3cf52f21a40eba7b71687da970c3c2ff83e4d40f14f065caa,SeekingAlpha,positive,0.9178,2025-04-13,1
2025-04-13 11:00:00,Can Lucid Group Stock Help Make You a Millionaire?,"Every investor wants to find the next Tesla (NASDAQ: TSLA).  On many metrics, Lucid Group (NASDAQ: LCID) appears to be a worthy successor.  There are two reasons in particular that Lucid could mimic Tesla's rise, minting many new millionaires along the way.",https://finnhub.io/api/news?id=654ee43cb09bb4d9b74c88500eeadc4bfab10dad5788a99c6951f834da91d4b4,Yahoo,positive,0.8325,2025-04-13,1
2025-04-13 10:00:02,Taking a deeper look at humanoid robots,"Investing.com -- The global race to develop humanoid robots is accelerating, with Macquarie analysts seeing the potential for this sector to reach a total addressable market (TAM) of $1.7 trillion by 2050, on par with today’s global light vehicle market.",https://finnhub.io/api/news?id=57b56585920c54555336fbb11f647cd99fa788f4398dfa6c84402a53cb4d3587,Yahoo,positive,0.8936,2025-04-13,1
2025-04-13 09:15:00,Is Tesla Stock Your Ticket to Becoming a Millionaire?,"Without a doubt, Tesla (NASDAQ: TSLA) is one of the most intriguing stocks on the market.  The polemical views on the company portray it as either a damaged brand with an aging lineup of vehicles on the cusp of being exposed as a hugely overvalued car company -- or a technology company about to explode by unveiling its primary value creator, robotaxis, in due course.  First up, some simple math to illustrate how Tesla might make you a millionaire.",https://finnhub.io/api/news?id=5f28bc487d4c955e10a4e1ab353560ed332d91107545df6e020fb29aa5e7ef4e,Yahoo,positive,0.9142,2025-04-13,1
2025-04-13 07:25:00,Amazon Could Beat Tesla to This Massive Market. Are Investors Missing Something?,"There's been no shortage of woes for Tesla (NASDAQ: TSLA) this year.  The brand is in the midst of an unprecedented crisis due to CEO Elon Musk's political turn, helming the operation known as the Department of Government Efficiency and weighing in on elections across the U.S. and in Europe.  Coming into 2025, Tesla was already struggling as deliveries fell in 2024, marking its first annual decline in unit sales.",https://finnhub.io/api/news?id=a843918e50f9bbe44b9aaed1d61a49e77192d3f624e5a791a9557025b83e9346,Yahoo,positive,0.7984,2025-04-13,1
2025-04-12 22:30:41,"Elon Musk's Brother Kimbal Blasts Trump: 'Celebrating Causing China's Stock Market To Go Down, By Causing Our Own Stock Market To Go Down?'","Kimbal Musk, Tesla (NASDAQ:TSLA) board member and brother of CEO Elon Musk, has gone public with sharp criticism of President Donald Trump’s trade policies, calling tariffs a “structural, permanent tax on the American consumer” and accusing Trump of celebrating economic self-sabotage. Kimbal Questions U.S. Strategy of Self-Inflicted Economic Harm “Mmm.. Celebrating causing China’s stock market to go down, by causing our own stock market to go down? Maybe this is why Trump brought back the R word",https://finnhub.io/api/news?id=21e68b92d56befc2260657e3931c43027f12ad60cf23617c0d241ff024f36ef2,Yahoo,neutral,0.8686,2025-04-12,0
2025-04-12 20:19:32,"Tesla stops taking new orders in China for two imported, US-made models","Tesla has suspended taking new orders for Model S and Model X vehicles on its Chinese website, Reuters checks showed on Friday, as the world’s two largest economies exchange blows in a trade war.",https://finnhub.io/api/news?id=0ae4162294a6a72e2088fa40776ed084378b48c21a31053ce57d014bc2ce7eb3,Yahoo,neutral,0.9015,2025-04-12,0
2025-04-12 17:18:22,"Tesla, Inc. (TSLA): AI Vision Versus EV Weakness – Goldman Balances Long-Term Hopes with Near-Term Risks","We recently published a list of 14 AI Stocks Catching Wall Street’s Attention. In this article, we are going to take a look at where Tesla, Inc. (NASDAQ:TSLA) stands against other AI stocks catching Wall Street’s attention. In the latest development in the feud between OpenAI and Elon Musk, the ChatGPT maker has countersued billionaire […]",https://finnhub.io/api/news?id=79ea9c8972698009c5780ff0dec7cc43f2bdbe33af03c7eb7b4d20eb17e019ef,Yahoo,negative,0.9065,2025-04-12,-1
2025-04-12 17:01:00,Trump’s New Tariff Exclusions Will Benefit Tesla. Here’s How.,"Saturday morning, the U.S. Customs and Border Protection published a list of HS codes for “Reciprocal Tariff Exclusion for Specified Products.”",https://finnhub.io/api/news?id=4663157e7f675569f12d7336c4797bac6be73b13b34b5b3f84786e074cf44517,Yahoo,positive,0.8643,2025-04-12,1
2025-04-12 14:15:00,Is Tesla Stock a Buy Now?,"The Dow Jones, the S&P 500, and the Nasdaq Composite all saw one of the worst multi-day stretches in years.  This comes as a trade war escalated between the U.S. and its major trade partners, with China and the E.U. responding in kind to President Donald Trump's steep, sweeping new levies on goods from nearly every country in the world.  Could Tesla (NASDAQ: TSLA) be the right pick?",https://finnhub.io/api/news?id=2ab7c5d1a655bef75c115fc9a8e769e539a17f79dd4696af82406738a97e9063,Yahoo,positive,0.9076,2025-04-12,1
2025-04-12 14:07:00,Elon Musk faces accusations from major tech rival,His quest to conquer a booming industry is getting increasingly complicated.,https://finnhub.io/api/news?id=495a39b93b38d62a3cbf7884e08c9d8b3b753507f4ec62e9354fa173358aa870,Yahoo,neutral,0.9344,2025-04-12,0
2025-04-12 14:00:00,The xAI–X merger is a good deal — if you’re betting on Musk’s empire,"When Elon Musk announced that his AI startup, xAI, had acquired his social media company, X (formerly known as Twitter), in an all-stock deal, it raised some eyebrows. But in many ways, the deal made sense. xAI’s chatbot, Grok, was already deeply integrated with X, X was floundering financially, and Musk needed a way to make his $44 billion Twitter acquisition look less like an impulsive takeover and more like a strategic play for AGI dominance. It also pointed to something deeper about how Musk",https://finnhub.io/api/news?id=86616177a92a165ac751ddd6947aff271a2610f4d06ce96f558c714198ec9ed8,Yahoo,positive,0.8251,2025-04-12,1
2025-04-12 13:00:00,"Tesla's moment of truth, Trump Media stock spikes, and Warren Buffett wins again: Markets news roundup","Tesla (TSLA) stock was falling yet again Monday, down more than 3% in morning trading as markets headed for another brutal day in the wake of President Donald Trump’s sweeping tariffs.",https://finnhub.io/api/news?id=10a0a339529687ff7a25cfc58cb19273ef4d27fb298abec6795f2bd07b95b3f5,Yahoo,positive,0.8831,2025-04-12,1
2025-04-12 12:15:00,Should You Buy Rivian While It's Below $12?,Rivian Automotive (NASDAQ: RIVN) stock hasn't been spared from the tariff-inspired market crash.  One Wall Street analyst who recently hosted a talk by Rivian CEO R.J. Scaringe does believe now is the time to jump into Rivian stock.,https://finnhub.io/api/news?id=91bead1452084814bce236c3090e2044ad34c57bbccc94b68bfde9f806e8ad5a,Yahoo,positive,0.9044,2025-04-12,1
2025-04-12 12:01:05,Tesla suspends sales of Models S and X in China due to escalating trade war,Copyright © BusinessAMBE 2023Key takeawaysTariffs on Chinese imports raised to 145 percent by U.S. President Donald Trump prompt China to retaliate.Tesla suspends Model S and Model X sales in...,https://finnhub.io/api/news?id=bca8c2710dbc369eb40b1f241e3bfe454da4a21750da9fdf82c61dacf10db2e8,Finnhub,neutral,0.9524,2025-04-12,0
2025-04-12 12:00:05,'Global diversification is back' as US exceptionalism fades,"Markets (^GSPC, ^IXIC, ^DJI) are shifting as investors look beyond the once-dominant ""Magnificent Seven"" and focus on international equities gaining traction. Horizon Investments head of research and quantitative strategies Mike Dickson joins Market Domination to discuss why global diversification may be the new core strategy as capital moves away from US assets. To watch more expert insights and analysis on the latest market action, check out more Market Domination here.",https://finnhub.io/api/news?id=454860e7dc0dc7f18960f1583184ddfd69655d29340afa185749ec311bdbb981,Yahoo,negative,0.8478,2025-04-12,-1
2025-04-12 09:12:00,Tesla’s stock is set for a ‘death cross’ on Monday: 3 reasons why it’s a risky buy,Tesla’s stock is set for a ‘death cross’ on Monday: 3 reasons why it’s a risky buy,https://finnhub.io/api/news?id=f9b7d342209101290596372b7034042fcb95721bd4fe2056bdf7b267ba5180eb,MarketWatch,positive,0.8917,2025-04-12,1
2025-04-12 06:08:58,Tariff Panic? Why I'm Buying More Microsoft While Others Sell,,https://finnhub.io/api/news?id=e1faf76d944afb070c7366ed911f1b5e7ab6d29a8477ba3a3cef3ffb0e3ece0c,SeekingAlpha,positive,0.9002,2025-04-12,1
2025-04-11 21:45:17,Tesla (TSLA) Stock Slides as Market Rises: Facts to Know Before You Trade,"In the latest trading session, Tesla (TSLA) closed at $252.24, marking a -0.06% move from the previous day.",https://finnhub.io/api/news?id=5a30ae675b16d662a29d550f74a94d1483a10c65a7310c2066eb67375dfc37c7,Yahoo,positive,0.8763,2025-04-11,1
2025-04-11 20:58:34,Michael Saylor has a biblical take on MicroStrategy’s terrific return,"Michael Saylor's Bitcoin-heavy Strategy offered an annual return of 92% over a year, beating the likes of Tesla, Nvidia, Apple, and Meta.",https://finnhub.io/api/news?id=9548754430a292e3d546b1cbbfad5362519b4b87f97088c8ba407bba26afb992,Yahoo,positive,0.8474,2025-04-11,1
2025-04-11 20:50:50,Is Tesla Inc. (NASDAQ:TSLA) a NASDAQ Stock with the Highest Upside Potential?,"We recently published a list of the 13 NASDAQ Stocks with the Highest Upside Potential. In this article, we are going to take a look at where Tesla Inc. (NASDAQ:TSLA) stands against other NASDAQ stocks with high upside potential. On April 7, Dan Ives of Wedbush Securities joined CNBC’s ‘Squawk on the Street’ to discuss […]",https://finnhub.io/api/news?id=6b1127e1f18da7f75ed40f1d4a6692c530a7d4e9e755990b40445bd4e4915f69,Yahoo,positive,0.8601,2025-04-11,1
2025-04-11 20:37:04,Tesla stops taking orders in China for US-made cars,"The ongoing trade battle between the US and China has led the automaker to stop taking orders in China for vehicles that are made in the United States. Yahoo Finance Senior Reporter Pras Subramanian reports on that story and the new, cheaper Cybertruck trim. To watch more expert insights and analysis on the latest market action, check out more Market Domination here.",https://finnhub.io/api/news?id=003fec9b8289a2534f2c9049b3475c7f9496af6a242d9a3d17ae914a21f652e2,Yahoo,neutral,0.783,2025-04-11,0
2025-04-11 20:32:00,BYD Stock Soars. Trade Wars Can Hae Unintended Consequences.,"The stock rose 7.2% in overseas trading.  Stock indexes were volatile after China announced 125% tariff rates on U.S. imports.  Tesla is no longer taking orders for its Model S, X, or Cybertruck in China, according to its website.",https://finnhub.io/api/news?id=3e2ee9f27a1ec58df48bc88a4ee548adc99905eb90491a509e2837f2608fa263,Yahoo,neutral,0.8827,2025-04-11,0
2025-04-11 20:20:00,Tesla Stock Falls Again. Investors Trading Shares Should Remember This.,"It has been another wild week for  Tesla  stock.  Investors feeling anxious or out of breath should remember a couple of things about the stock market.  The direct impact of Chinese tariffs on Tesla is small, but it has stopped taking orders for the Model S and X on its Chinese website.",https://finnhub.io/api/news?id=cb194458809c81597f6fc57c3d3863d5744e9d32a8255f65123f89dfc4cfe712,Yahoo,positive,0.8847,2025-04-11,1
2025-04-11 19:53:00,Tesla just hit a big trade war roadblock in China,"As Beijing retaliated — again — against President Donald Trump’s tariff hikes, Tesla (TSLA) quietly pulled options to buy new Model S and X electric vehicles from its website in China, several outlets reported Friday.",https://finnhub.io/api/news?id=629be9336a603a347695672048e7654d42b5d199785e5f99134d455c0667fcf5,Yahoo,neutral,0.6786,2025-04-11,0
2025-04-11 19:19:00,Trump-supporting investors are doubling down on these names as tariff war rages,Trump-supporting investors are doubling down on these names as tariff war rages,https://finnhub.io/api/news?id=7a2c9985c53e45e3fda7be388928125beae734057f38127e23d48b8a630c72d8,MarketWatch,neutral,0.9143,2025-04-11,0
2025-04-11 18:18:17,"Trump tariffs backfire on Elon Musk, as Tesla pulls U.S.-built models from China","Tesla has stopped taking orders for the Model S and Model X in China, which now face retaliatory 125% import duties levied by Beijing.",https://finnhub.io/api/news?id=4b227c7cace68de56e7ec1f2e75c32d03595f72de64e76177c788a10f0f0a14a,Yahoo,neutral,0.8149,2025-04-11,0
2025-04-11 18:11:11,Tesla staggers as U.S.–China trade war erases $50M,"Elon Musk's Tesla has seen the value of its Bitcoin holdings decline to $954 million since Trump's ""Liberation Day"" announcement of tariffs.",https://finnhub.io/api/news?id=980c741ac0047ccbdf7483fb76af5d529270a19f0ed76a3f6185c49e9d974c30,Yahoo,neutral,0.9538,2025-04-11,0
2025-04-11 17:59:20,Jim Cramer on Tesla (TSLA): The Auto Business Has Collapsed,"We recently published a list of Jim Cramer Questions Market Logic and Dissects These 7 Key Stocks. In this article, we are going to take a look at where TSLA stands against other stocks that Jim Cramer discusses. In his latest appearance on CNBC’s Squawk on the Street, Jim Cramer unpacked the deepening uncertainty gripping both markets […]",https://finnhub.io/api/news?id=f9187f5d927a1c03ee4f47d61688ff95c0b03802c635e9c775faf4cff9ea7086,Yahoo,neutral,0.5911,2025-04-11,0
2025-04-11 17:59:00,"These Stocks Are Moving the Most Today: JPMorgan, Wells Fargo, Texas Instruments, Newmont, Apple, Nvidia, Tesla, and More","JPMorgan Chase, Wells Fargo, and Morgan Stanley post better-than-expected earnings, while Apple and Nvidia trade higher even as the U.S.-China trade war intensifies.",https://finnhub.io/api/news?id=8871bf03470f156e8d2c21023ce078ab015671d7ca21a99d18545fdc9d354a53,Yahoo,positive,0.8714,2025-04-11,1
2025-04-11 17:55:46,Tesla Pulls Plug on U.S.-Made Model S and X Orders in China as Tariff Battle Heats Up,Tesla halted China orders for U.S.-made Model S and X as tariffs rise.,https://finnhub.io/api/news?id=50c8e25639b8adc76c68a08859d311b2294dd05843a09708d6a23a8a96d9d980,Yahoo,neutral,0.9531,2025-04-11,0
2025-04-11 17:17:38,"10-yr Treasury, Tesla in China, Fastenal earnings: Market Minute","Josh Lipton takes a look at the top stories investors are watching on today's Market Minute. US 10-year Treasury yields (^TNX) rise to their highest level since February. Tesla (TSLA) pulls the option to purchase US-made models from its China website. Fastenal Company (FAST) stock gains after reporting first quarter results. Stay up to date on the latest market action, minute-by-minute, with Yahoo Finance's Market Minute.",https://finnhub.io/api/news?id=e02ea895b827b7d1d87b44617e26e73017dceeaac86a6b7c1cf9bddb51960895,Yahoo,positive,0.6964,2025-04-11,1
2025-04-11 16:47:41,"Tesla Stops China Orders for Model S, X Amid U.S.-China Tariff Clash",Tesla Suspends U.S.-Made EV Sales in China as Tariffs Bite,https://finnhub.io/api/news?id=5bf3c406cc3f0431260596bb4865a523b86e649b6d9d1137753ab8539f06baf1,Yahoo,neutral,0.959,2025-04-11,0
2025-04-11 16:30:00,7 Market Pros on Wall Street’s Wild Month,7 Market Pros on Wall Street’s Wild Month,https://finnhub.io/api/news?id=a14842f321dec571ae40272ecdc6cbf18e3f5f6a5931799bb0f97c0c2de0c913,MarketWatch,positive,0.6921,2025-04-11,1
2025-04-11 16:07:00,Tesla Stock Is Down 28%. Time to Buy the Dip?,"Tesla (NASDAQ: TSLA) has been one of 2025's worst-performing megacap stocks, with shares down by a whopping 28% year to date, compared to the S&P 500's decline of 7% over the same period.  The electric automaker is facing a combination of rising competition and political pressure that is calling its persistently high valuation into question.  Let's dig deeper to see if this sell-off is a buying opportunity or a signal of more trouble ahead.",https://finnhub.io/api/news?id=5a806c705afc84b0e4f4a55da689a4e5ddad3d39bd1a0631a1268f77c710c610,Yahoo,neutral,0.911,2025-04-11,0
2025-04-11 16:05:29,"Prada to acquire Versace, CarMax reports mixed Q4 results: Morning Buzz","The major averages were sharply lower near noon, curtailing some of yesterday’s sharp gains after President Donald Trump announced a 90-day pause on some of his “reciprocal” tariffs, despite announcing an increase on the cumulative tariff rate on Chinese imports. Despite the temporary relief from the tariff suspension, market sentiment remains cautious. Looking to commodities, gold prices are up significantly, approaching the $3,200 threshold. Oil prices, meanwhile, have sharply dropped after se",https://finnhub.io/api/news?id=d4ad8d6061a012b3811e7bb20b75355b6afb9bb2180fbb1a177516c32b0101a9,Yahoo,neutral,0.943,2025-04-11,0
2025-04-11 15:53:36,"In response to U.S. tariffs, New Brunswick looking to sell government-owned Teslas","FREDERICTON - The New Brunswick government says it plans to sell the 11 Teslas it owns, in response to United States tariffs and the prominent role that the carmaker's CEO plays in the Donald Trump...",https://finnhub.io/api/news?id=d47a5cd219bd8e6b4714514f29ed7c1ae4f4df948b7ae95ce4b89cce1413aec3,Finnhub,negative,0.5578,2025-04-11,-1
2025-04-11 15:03:22,"Bill Ackman Calls Out Triple-Levered ETFs, Zero-Day Options Boom","(Bloomberg) -- Bill Ackman is taking aim at two booming markets beloved by day traders: Highly-leveraged exchange-traded funds and zero-day stock contracts that have become one of the hottest options strategies on Wall Street.Most Read from BloombergThe Secret Formula for Faster TrainsMidtown Office Building Evacuated on Concerns of Wall CollapseIn Chicago, a Former Steel Mill Looks to Make a Quantum LeapNYC Tourist Helicopter Crashes in Hudson River, Killing SixInside the Quiet, Extravagant Exp",https://finnhub.io/api/news?id=edae1c24682fc3abf49ed982ba0fda56cf660b443a21eb7e907ec6c5ed85c6ce,Yahoo,positive,0.925,2025-04-11,1
2025-04-11 15:03:02,"China-Europe Détente Could Hurt Tesla, Help BYD","As tariffs spiral between the U.S. and China, between China and Europe they are showing early signs of falling, potentially helping BYD and hurting Tesla.  The European Commission in Brussels, which handles trade on behalf of the European Union, confirmed Friday it is in talks with Beijing about an alternative to its current tariffs on Chinese EVs.  In a conversation Tuesday, EU trade commissioner, Maroš Šefčovič, and Chinese Commerce Minister Wang Wentao discussed the idea of price undertakings, whereby manufacturers agree to minimum prices, a spokesman said.",https://finnhub.io/api/news?id=014a30da5bd602451c115f6958b1b19e79a1b6e38fb4e9c433f09e8959cc23ae,Yahoo,neutral,0.5639,2025-04-11,0
2025-04-11 15:00:17,"Tesla stock moves lower as EV maker pulls US-made cars from China, adds cheaper Cybertruck trim in US",Tesla is updating its model lineup both in China and the US due to tariffs and demand issues.,https://finnhub.io/api/news?id=cf3a2f5a4af0e7afc8996cc03b4ec88a2b47f4c4e48c6ed934e667a60a72a598,Yahoo,neutral,0.9383,2025-04-11,0
2025-04-11 14:48:26,"Tesla, Apple, Jamie Dimon comments: Trending Tickers","Brad Smith and Madison Mills take a closer look at some of Yahoo Finance's trending tickers. Tesla (TSLA) has stopped taking orders in China for two car models that are imported from the US amid the ongoing US–China trade war. Apple (AAPL) is in focus after Wedbush analysts said the iPhone maker is the tech company most negatively impacted by President Trump's tariffs. JPMorgan Chase (JPM) CEO Jamie Dimon says the US economy faces ""considerable turbulence."" To watch more expert insights and analysis on the latest market action, check out more Morning Brief here.",https://finnhub.io/api/news?id=b0ce2924a7520e4b717a00d7aff6dee701f24033e161819d68befe8ec537d786,Yahoo,positive,0.8304,2025-04-11,1
2025-04-11 14:35:00,Tesla Stock Falls at the End of a Wild Week. Shares Need to Hold This Level.,"It has been another wild week for  Tesla  stock.  Investors feeling anxious or out of breath should remember a couple of things about the stock market.  Tesla stock was down 2.5% at $246.19 in early trading Friday, while the  and  were down about 0.5% and 0.6%, respectively.",https://finnhub.io/api/news?id=6b6d1e0c581123ff2d753ecd38ddb507ce487c9d466ca8b28af9163d942534dc,Yahoo,neutral,0.8629,2025-04-11,0
2025-04-11 14:25:43,"Musk finally launches a new low-cost $70,000 Cybertruck—but Tesla fans and investors anticipate little demand","The new single motor Cybertruck expected to arrive as early as June weighs in at a chunky $69,990 before any U.S. federal tax credits.",https://finnhub.io/api/news?id=49857ceb2c8f075d097efd175b14224cab7da9385e001908ad6bf5278b292631,Yahoo,positive,0.6579,2025-04-11,1
2025-04-11 14:21:00,"Lucid Stock Jumped This Week, but Here's Why It Might Not Last","As of early Friday morning, the Nasdaq Composite index was 5.4% higher for the week mainly thanks to Wednesday's historic rally.  Shares of EV maker Lucid Group (NASDAQ: LCID) were doing even better, surging by 10.5%, according to data provided by S&P Global Market Intelligence.  Interest may have increased thanks to consumers' displeasure with Tesla CEO Elon Musk and his political activity.",https://finnhub.io/api/news?id=23eb6060db1e68e855d8b258ddc1fb3274db724ef79293220772465767f40df2,Yahoo,positive,0.8879,2025-04-11,1
2025-04-11 13:58:00,China Raises Tariffs on the U.S. Again. Currencies Are a New Concern.,China Raises Tariffs on the U.S. Again. Currencies Are a New Concern.,https://finnhub.io/api/news?id=ee9178fdce5ab339765d7b81f26ee9253e5734baac91de3234ab767f238bb637,MarketWatch,neutral,0.6344,2025-04-11,0
2025-04-11 13:55:00,BYD Stock Soars. Why Trump’s Tariffs War With China Can Boost Tesla’s Rival.,"FEATURE  Shares of Chinese electric-vehicle maker, and fierce Tesla  competitor, BYD soared in overseas trading Friday. There are a couple of reasons for the gains. One just might be the escalating U.",https://finnhub.io/api/news?id=861bb494f54e066b608795eb3dd4947f282eb800816a3b644a7ab6a23440d02b,Yahoo,negative,0.8114,2025-04-11,-1
2025-04-11 12:40:02,Why Wall Street's biggest bear isn't budging on his calls after Trump tariff pause,A bearish call that is staying in place.,https://finnhub.io/api/news?id=6d5593a59112625f9f977074ed57a44cdadbce77cfe3a500c1ecc088cc25b824,Yahoo,positive,0.8671,2025-04-11,1
2025-04-11 12:36:36,"In response to U.S. tariffs, New Brunswick looking at selling government-owned Teslas","FREDERICTON - The New Brunswick government says it plans to sell the 11 Teslas it owns, in response to United States tariffs and the prominent role that the carmaker's CEO plays in the Donald Trump...",https://finnhub.io/api/news?id=f039b442c4a17dd84512ecbc28347d948e5efe966c0b32b7da9dddc2e4026244,Finnhub,positive,0.8234,2025-04-11,1
2025-04-11 12:27:37,China Just Shut Down the U.S. Trade Route--Now What?,"Beijing slams 125% tariffs on all U.S. goods and cuts Hollywood--this isn't a trade war, it's a full shutdown.",https://finnhub.io/api/news?id=99cd5260f8cbebcca9ad428072ffeb091f40287eec65478ec0c7532582f15336,Yahoo,neutral,0.734,2025-04-11,0
2025-04-11 12:16:00,"Tesla Launches Most Affordable Cybertruck Model in U.S. Starting at $69,990",Tesla Slashes Entry Point for Cybertruck Lineup with New Rear-Wheel Variant,https://finnhub.io/api/news?id=020dabc25616d5935e1775f03e3689be1cdd1e1c71079f89c08f894529e353e2,Yahoo,negative,0.6029,2025-04-11,-1
2025-04-11 10:00:00,"Large cryptocurrencies climb on Solana, Avalanche increases","Large cryptocurrencies climb on Solana, Avalanche increases",https://finnhub.io/api/news?id=c5cd8191215939c84241fed530c702a362283eaa62150e491e53f0ac5e3db2ee,MarketWatch,negative,0.4124,2025-04-11,-1
2025-04-11 09:59:19,"Dow Jones Reverses On Trump Tariff News; Yields Spike, JPMorgan, Nvidia Rally","Dow Jones Reverses On Trump Tariff News; Yields Spike, JPMorgan, Nvidia Rally",https://finnhub.io/api/news?id=eb4ca8cb7befbee679a86f96b7e4f56987ae6b7cf583e7017ca53efbee69a812,DowJones,neutral,0.4527,2025-04-11,0
2025-04-11 08:19:02,"Dow Jones Futures Volatile As Yields, Dollar Raise Concerns; JPMorgan Beats, Inflation Reports Due","Dow Jones Futures Volatile As Yields, Dollar Raise Concerns; JPMorgan Beats, Inflation Reports Due",https://finnhub.io/api/news?id=16fedb4fccd25c81f27b43633f8ca1c647c902a21f640ff6030c8aefef75bfc0,DowJones,neutral,0.7442,2025-04-11,0
2025-04-11 07:06:00,"China Calls Trump Tariffs Standoff a Joke. Tesla, Apple, Stock Markets Aren’t Laughing and 5 Other Things to Know Today.","China Calls Trump Tariffs Standoff a Joke. Tesla, Apple, Stock Markets Aren’t Laughing and 5 Other Things to Know Today.",https://finnhub.io/api/news?id=8dd9d349be8d6676fca54aa3eb65b202baaf7bac4848b10d154aaa2630a4fdc6,MarketWatch,positive,0.8396,2025-04-11,1
2025-04-11 05:20:00,Tesla Deletes Buy Option for Model S and X From China Website,Tesla Deletes Buy Option for Model S and X From China Website,https://finnhub.io/api/news?id=2cb873890e10a1212c46cc8054a5814018edae5d8bc39c75871d1de741598429,DowJones,neutral,0.8265,2025-04-11,0
2025-04-11 04:19:07,Tesla Deletes Buy Option for Model S and X From China Website -- Update,By Jiahui Huang Tesla has removed the option for purchases of new Model S and Model X vehicles on its China website as trade tensions between the world's two largest economies escalate. The...,https://finnhub.io/api/news?id=a2a65a961101d7a4cf51e0ef5191084e8d122a703f2388c6524cc4b5406429f7,Finnhub,positive,0.5282,2025-04-11,1
2025-04-11 04:05:00,Conventum-Alluvium Global Fund March 2025 Quarterly Report,"For Q1 2025, the Conventum-Alluvium Global Fund was up 1.7% in USD terms and 1.1% in AUD terms. Click here to read the full letter. ",https://finnhub.io/api/news?id=5ce1d7a0b27e09a885667be61a46d7df926e3528f1689ee070f0c8faf4edea27,SeekingAlpha,positive,0.9416,2025-04-11,1
2025-04-11 02:18:07,Tesla Removes Buying Option for Model S and X on Chinese Website,By Jiahui Huang Tesla has removed the option to purchase its Model S and Model X vehicles on its Chinese website amid an escalating tariff fight between the U.S. and China. Customers aren't...,https://finnhub.io/api/news?id=070e9f9ba05e5195d2eca422ae41313e4d38cf900e2e9b09004035f963e2b3fd,Finnhub,positive,0.8934,2025-04-11,1
2025-04-11 01:00:08,Musk says he expects to save $150 billion from 'waste and fraud',"STORY: :: April 10, 2025 :: Washington, D.C. :: Musk says he expects to save $150 billion from government 'waste and fraud' :: Elon Musk, Tesla CEO, Adviser...",https://finnhub.io/api/news?id=d657dd4f9ec546cb007bb8ccf3c75dc0c764f2b24af879f88e58966d1106eb28,Finnhub,positive,0.7762,2025-04-11,1
2025-04-11 00:06:14,Tesla suspends taking new orders for Model S and Model X on Chinese website,"Tesla has suspended taking new orders for Model S and Model X vehicles on its Chinese website, according to checks made by Reuters on Friday. New orders for the two imported models are...",https://finnhub.io/api/news?id=9438324a0fe1a8e98356a49e318cdb0885f4874f26a12691843ddb68b7acf612,Finnhub,neutral,0.6594,2025-04-11,0
2025-04-10 22:33:39,"Tesla launches new Cybertruck variant in US, priced at $69,990","Tesla on Thursday said it has launched a new version of Cybertruck in the United States, priced at $69,990. The new Cybertruck long-range variant is the cheapest among the three models...",https://finnhub.io/api/news?id=b3e46ece3a31f2f227d12eacb9d1c52ffe5a1b38031de300c89354ee04f404b1,Finnhub,positive,0.5507,2025-04-10,1
2025-04-10 22:16:34,"Tesla: EV Market Pressures, Rising Competition, And Musk's Branding Crisis",,https://finnhub.io/api/news?id=e2e2c4713c9c4083e3b6593fc3a99baa62865f9b81401814f7b85051fe4f2753,SeekingAlpha,neutral,0.4911,2025-04-10,0
2025-04-10 21:40:03,"Tesla (TSLA) Makes Benchmark’s ‘Best Ideas’ List – Dip Buyers, Start Your Engines","We recently published a list of 10 AI Stocks to Watch Now. In this article, we are going to take a look at where Tesla, Inc. (NASDAQ:TSLA) stands against other AI stocks to watch now. The trade war between two of the world’s biggest economies, China and the US, is deepening even further. In a […]",https://finnhub.io/api/news?id=71ecfd9a9cfd50bb746bfd2b021d18c5d8eb0f1075a458fb9645e441da4ff0ef,Yahoo,positive,0.8956,2025-04-10,1
2025-04-10 20:57:00,Tesla Stock Took a Dive. 3 Big Problems Face the EV Maker.,"The EV maker’s shares, along with those of other auto makers, rallied after President Donald Trump’s decision to pause some tariffs. The car industry still faces stiff levies, though.",https://finnhub.io/api/news?id=c73f3028caf87144e683797dd6f2cea99ac947f817f80b7dc8e1d3cb666b0e40,Yahoo,neutral,0.951,2025-04-10,0
2025-04-10 20:49:00,"These Stocks Moved the Most Today: Nvidia, Apple, Tesla, GM, Microsoft, CarMax, U.S. Steel, Warner Bros., and More","Shares of Nvidia, Apple, and Tesla fall sharply Thursday after each stock soared double-digits Wednesday following President Donald Trump’s move to pause most reciprocal tariffs for 90 days. U.S. Steel, meanwhile, slumps after Trump says he wants the steel maker to remain an American company.",https://finnhub.io/api/news?id=ad0e76daeb145dcbb8d7d54d020fed157452201110488bcaba990dc3b85229e5,Yahoo,positive,0.8423,2025-04-10,1
2025-04-10 20:45:15,Navarro Says ‘Elon and I Are Fine’,"Elon Musk called him “dumber than bricks” and “truly a moron,” but Peter Navarro says there’s no hard feelings. “Elon and I are fine,” Navarro said in a CNN interview. “It’s no problem.” Musk, the CEO of electric car company Tesla, posted his insults on X earlier this week after Navarro said on TV that Musk is a “car assembler” and that the component parts of Musk’s vehicles are made overseas.",https://finnhub.io/api/news?id=d0cf6b9e3de70c6a995c5c9105ea19e258285e63b2ca7a55f203d405a88b4c44,Yahoo,positive,0.482,2025-04-10,1
2025-04-10 20:32:07,Cybertrucks in the desert: Tesla launches in Saudi Arabia,"Tesla launched operations in Saudi Arabia on Thursday, a sign that Chief Executive Elon Musk has patched up relations with the kingdom and that the oil capital was moving forward with an ambitious electric-vehicle policy.  A Tesla Cybertruck and a redesigned Model Y sedan dominated a plaza dotted with palm trees, as the EV maker officially opened for business.  A small crowd tried out the vehicles as a massive outdoor video screen showed a Cybertruck plowing through a dusky desert, leaving behind plumes of sand.",https://finnhub.io/api/news?id=784ac1bc9c4fc27c1979fa90f4f7643aab3f0b709e3b6daca773ce2a11b4b84c,Yahoo,positive,0.9109,2025-04-10,1
2025-04-10 20:22:23,BYD Maintains Lead in China's NEV Market With 29.3% Share in March; Tesla Rises to No. 3,"BYD held a 29.3% market share in China's NEV market in March, maintaining the top position.",https://finnhub.io/api/news?id=b10cfd23d21de4d49237d2b4d5aa28d28cc800100da06d22bc8b27e091e97cce,Yahoo,negative,0.9438,2025-04-10,-1
2025-04-10 20:21:10,"Stocks pummeled as Nasdaq sinks 4%, Dow drops 1,000 points as new China tariffs loom over markets",The stock market sold off on Thursday as uncertainty around President Trump's tariffs once again took center stage.,https://finnhub.io/api/news?id=8d4144d795f13f0e7eb9d6b3f670e6a4135cd216e229d53e7ed310e2aba98647,Yahoo,neutral,0.9377,2025-04-10,0
2025-04-10 20:07:28,Why Tesla (TSLA) Shares Are Trading Lower Today,"Shares of electric vehicle pioneer Tesla (NASDAQ:TSLA) fell 10.7% in the afternoon session after Wall Street sentiment toward the company turned more bearish, with several analysts cutting their forecasts and price targets. UBS analyst Joseph Spak issued the most bearish outlook, slashing his price target to $190, implying a potential 30% downside. Spak warned that while lower 2025 earnings expectations were becoming consensus, the broader earnings trajectory for Tesla still appeared overly opti",https://finnhub.io/api/news?id=7ecacc7946a2c7d32f38399b66e9132db013d599f0941eb21d80d5e48a326d2e,Yahoo,neutral,0.9546,2025-04-10,0
2025-04-10 19:05:00,Here's what's up with Tesla's slippery stock price today,"Tesla (TSLA) stock took another dive on Thursday as analysts chopped price targets for the electric-vehicle maker, citing the Trump administration’s impending 25% tariffs on auto parts and weakening demand in Europe and China.",https://finnhub.io/api/news?id=05d66338d54bc8f91a5d7bc9caefdc31b4409a424685ee4cd94be946a4057bae,Yahoo,positive,0.9148,2025-04-10,1
2025-04-10 18:41:09,Tesla launches in Saudi Arabia with its first showroom and service center in Riyadh,"RIYADH, Saudi Arabia — Tesla officially launched in Saudi Arabia on Thursday, marking a new chapter in the company’s global expansion after Elon Musk ’s troubled relationship with the kingdom...",https://finnhub.io/api/news?id=2eb6d79d976bae4b18b24b439a85a630757865ac62d69d3117871ae54b670b66,Finnhub,positive,0.7125,2025-04-10,1
2025-04-10 17:51:00,Tesla Is Plummeting Again -- Is It Time to Buy the Stock?,"On the heels of huge gains yesterday, Tesla (NASDAQ: TSLA) stock is seeing big sell-offs in Thursday's trading.  While President Donald Trump issued a 90-day suspension of reciprocal tariffs for other countries yesterday, he announced that the import tax rate on products from China would be raised from 104% to 125%.  As of this writing, Tesla stock is now down 39% across 2025's trading and 48% from its valuation peak.",https://finnhub.io/api/news?id=c9f2303c2c47c37a7980614b14017ec65dd89c02588205954eb82b4d14f2c851,Yahoo,positive,0.7776,2025-04-10,1
2025-04-10 17:10:21,Bearish Options Play on Tesla Unveiled by TSLA Skeptic,"OptionsPlay analyst Tony Zhang, who’s very pessimistic about Tesla (TSLA) and its stock, unveiled a bearish options play on the name today on the Schwab Network. Why Zhang Is Bearish on TSLA Stock Tesla’s valuation is “incredibly rich,” and the automaker is losing market share to its Chinese competitors in Europe, Asia, and the U.S., […]",https://finnhub.io/api/news?id=b6ef278698dbdd4370e6b57e3ef015f1fbbf54a05cfe7972e51302d8fe883bc6,Yahoo,positive,0.854,2025-04-10,1
2025-04-10 17:08:51,Mag 7 market cap value surged on tariff pause news,"The ""Magnificent Seven,"" made up of Nvidia (NVDA), Alphabet (GOOG, GOOGL), Tesla (TSLA), Microsoft (MSFT), Amazon (AMZN), Meta (META), and Apple (AAPL), added over $1.8 trillion to their market capitalizations during the tariff pause–fueled stock rally on Wednesday. In this episode of Stocks in Translation, podcast host Jared Blikre dives deeper into the latest price action for large-cap tech names. Catch more Stocks in Translation here, with new episodes every Tuesday and Thursday. To watch more expert insights and analysis on the latest market action, check out more Catalysts here.",https://finnhub.io/api/news?id=f750267b019b90d543853466e0bd750d0855bc71685119b6770e39f8b345a636,Yahoo,negative,0.9322,2025-04-10,-1
2025-04-10 11:21:00,Volkswagen Earnings Are the Canary in the Coal Mine,Volkswagen Earnings Are the Canary in the Coal Mine,https://finnhub.io/api/news?id=47d9c51418d0335112acaa3d9727e3a10a74c885678f4666402eda48cc1a0e0e,MarketWatch,positive,0.8427,2025-04-10,1
2025-04-10 16:27:13,Jim Cramer Slams Tesla (TSLA)’s Valuation and Calls Auto Business ‘Collapsed’,"We recently published a list of Jim Cramer Calls Market Decline ‘Man-Made’ and Breaks Down 15 Stocks. In this article, we are going to take a look at where Tesla, Inc. (NASDAQ:TSLA) stands against other stocks that Jim Cramer discusses. On Monday, April 7th, Jim Cramer opened the Mad Money episode with a message of […]",https://finnhub.io/api/news?id=f123e289dc9646a7a0b5e4d46f6b2513d7aec9b801ca2efa5712454ee2fa85a3,Yahoo,neutral,0.9599,2025-04-10,0
2025-04-10 16:04:19,Why Tesla Stock Is Plummeting Today,"Shares of Tesla (NASDAQ: TSLA) are falling on Thursday.  The slip comes as the S&P 500 and Nasdaq Composite lost 4.2% and 5.3%, respectively.  UBS lowered its price target for Tesla stock citing concerns with its energy business in China.",https://finnhub.io/api/news?id=9afe0de093f6054c5e75136d0b5f8d19842c45c239a49d0cf1900be77cb56d22,Yahoo,neutral,0.853,2025-04-10,0
2025-04-10 15:55:17,Watch These Tesla Price Levels Amid Tariff-Driven Volatility,"Tesla shares popped close to 23% Wednesday after President Trump paused some tariffs for 90 days, before turning lower Thursday. Monitor these major chart levels.",https://finnhub.io/api/news?id=ac88f27c7a333a77923da3e6cbafbde191215bfc56346763f157fff787525a07,Yahoo,positive,0.8364,2025-04-10,1
2025-04-10 15:45:32,Elon Musk Just Escalated the AI War -- And Wall Street Should Pay Attention,"Grok 3's API is live. It's bold, unfiltered, and gunning straight at OpenAI, Google, and Anthropic.",https://finnhub.io/api/news?id=f5ccef8809fa48e72f0b0355c26566f8850d142bd29999191a68873ac58536d4,Yahoo,positive,0.9017,2025-04-10,1
2025-04-10 15:30:00,Get diversified: 'Mag 7 will no longer be the Mag 7' in 5 years,"The ""Magnificent Seven"" has long since dominated markets (^GSPC, ^IXIC, ^DJI) and investor focus, but that dominance may not last forever. Northwestern Mutual Wealth Management Company chief investment officer Brent Schutte joins Morning Brief to discuss the importance of diversifying investments and the likelihood that new leaders will emerge in the market in the coming years. To watch more expert insights and analysis on the latest market action, check out more Morning Brief here.",https://finnhub.io/api/news?id=646a81f5169b632b113568ad4389dd616f249786c4587f9f785b7eb568735b80,Yahoo,positive,0.9268,2025-04-10,1
2025-04-10 15:15:58,EV maker Polestar lures disgruntled Tesla owners with discounts,"Nearly half of Polestar's U.S. sales for its model 3 in the quarter through March came from hefty discounts targeting disgruntled Tesla owners, an executive for the Swedish EV maker said on Thursday,...",https://finnhub.io/api/news?id=25e5ad71dbad3a8a649c0a23d3a872c6350fabf338e2dd766898d46ea33ae654,Finnhub,neutral,0.8638,2025-04-10,0
2025-04-10 15:02:31,Tesla Rally? Don't Be Fooled - $42 Is In Sight,,https://finnhub.io/api/news?id=f10b6ee91c454d3aee0438589f48c30a8a96889875a5501ffc997c9ec7af890b,SeekingAlpha,positive,0.8694,2025-04-10,1
2025-04-10 15:01:08,"Tesla enters Saudi market led by Musk, but encounters infrastructure hurdles","Copyright © BusinessAMBE 2023Key takeawaysTesla operates in the Saudi market as of today and has ambitious plans, but faces unique challenges.Lack of charging infrastructure and extreme summer...",https://finnhub.io/api/news?id=bc9cb83141ae5373f6a508aaee6bb5aa5e1d9f120d54bc4ba099cf3987c45397,Finnhub,negative,0.4843,2025-04-10,-1
2025-04-10 15:00:00,Derivative-Based ETFs at the Heart of the Historic Market Run,Derivative-based ETFs are the biggest beneficiaries of the historic stock market rally.,https://finnhub.io/api/news?id=09d6e996d92541c361e2131e562ddffdd4a7feeaddce8fb139a0b91d47fe38c5,Yahoo,positive,0.9193,2025-04-10,1
2025-04-10 14:54:10,"Tesla in Saudi Arabia, TSM sales, Amazon CEO: Trending Tickers","Madison Mills outlines some of today's trending tickers. Tesla (TSLA) stock is in focus after the company opened its first showroom in Saudi Arabia. Taiwan Semiconductor Manufacturing Company (TSM) sales jumped 42% in the first quarter as customers stocked up ahead of President Trump's tariffs. Amazon (AMZN) CEO Andy Jassy tells CNBC that third-party sellers will likely pass increased tariff-associated costs on to consumers. To watch more expert insights and analysis on the latest market action, check out more Catalysts here.",https://finnhub.io/api/news?id=6e5c2fe27581458c3ec8c924381b00273f55ac8750f67a407067c707128483be,Yahoo,positive,0.8491,2025-04-10,1
2025-04-10 14:25:03,"UBS Cuts Price Target on Tesla (TSLA), Downgrades GM","UBS today lowered its price target on Tesla (TSLA) to $190 from $225 while reiterating a Sell rating on the shares. The Swiss bank also downgraded GM (GM) to Neutral from Buy. Why UBS Has Become More Bearish on TSLA Although many institutions have lowered their estimates for Tesla this year, the estimates may be […]",https://finnhub.io/api/news?id=aa8692def6795b273c445507a6556b8337196d4e3c40e26a7130592558eff190,Yahoo,positive,0.486,2025-04-10,1
2025-04-10 13:54:57,"GM, Tesla, & Ford; Nike falls; CarMax outlook: Trending Tickers","Brad Smith and Madison Mills take a closer look at some of the trending tickers in premarket trading. UBS analysts downgrade General Motors (GM) to Neutral from Buy and cut their price target for Tesla (TSLA), while Goldman Sachs downgrades Ford (F) to Neutral from Buy. Nike (NKE) and Lululemon (LULU) fall, retreating from broad tariff pause highs, as investors assess the impact of increased tariffs on imports from China on retailers. CarMax (KMX) pulls its long-term sales forecast, citing macro-level uncertainty. To watch more expert insights and analysis on the latest market action, check out more Morning Brief here.",https://finnhub.io/api/news?id=1d4c3a80b18fd6bb339ac40192ff06b3666dacf11b0329cc3aa5779bd67a3280,Yahoo,neutral,0.902,2025-04-10,0
2025-04-10 13:52:29,"Stocks to Watch Thursday: CarMax, TSMC, Trump Media, U.S. Steel","↘️ U.S. Steel (X): Shares in the steelmaker tumbled roughly 9% Thursday morning, after President Trump reiterated it should remain an American company. U.S. Steel and Japan's Nippon Steel (JP:5401) have been striving to save their $14 billion deal.",https://finnhub.io/api/news?id=e808edf80655b0dd5a308757c35fa098f185a58de9db99071a438af15954870e,Yahoo,positive,0.9427,2025-04-10,1
2025-04-10 13:51:00,"These Stocks Are Moving the Most Today: Nvidia, Apple, Tesla, Ford, Microsoft, U.S. Steel, CarMax, and More","Shares of Nvidia, Apple, and Tesla fall Thursday after each stock soared double-digits Wednesday following President Donald Trump’s move to pause most reciprocal tariffs for 90 days. U.S. Steel, meanwhile, slumps after Trump says he wants the steel maker to remain an American company.",https://finnhub.io/api/news?id=adb5292831040d920c369b32e7521aab3d879b0e8c41836e9907cce1f2d807c7,Yahoo,positive,0.8457,2025-04-10,1
2025-04-10 13:50:00,Tesla Stock Is Diving. 2 Big Problems Facing the EV Maker.,"The EV maker’s shares, along with those of other auto makers, rallied after President Donald Trump’s decision to pause some tariffs. The car industry still faces stiff levies, though.",https://finnhub.io/api/news?id=ae038c1f69f1f8f6db1daf648783827da37664a53990dd0dc54810f8355d7f9f,Yahoo,neutral,0.9588,2025-04-10,0
2025-04-10 13:46:00,Trump's Tariff Pause Triggers Epic Rally: How to Play Mag 7 Now,"As markets celebrate Trump's 90-day pause on reciprocal tariffs, are Tesla, Amazon, NVIDIA, Alphabet, Amazon, Apple and Meta Platforms stocks worth buying now?",https://finnhub.io/api/news?id=09361f0a30fe0107ec0f68c31af4b83bfa0092f811da79e8d7c20c69670ffb1d,Yahoo,positive,0.9163,2025-04-10,1
2025-04-10 13:45:23,"'Most People Don't Have The Balls To Do It,' Says Mark Cuban, Praising Musk For Going 'All In' With His Own Money For His Startups","Billionaire investor Mark Cuban had high praise for Elon Musk last week, calling him possibly the greatest builder in modern manufacturing, while also challenging Musk’s stance on tariffs. In a post on X, Cuban addressed Musk directly, writing: “Hey @elonmusk, you may be the greatest manufacturing builder of all time. Did you need protective tariffs in order to manufacture in the USA? Or were private capital, your investment, and local and federal government incentives the difference?” Don't Mis",https://finnhub.io/api/news?id=3875061567c44ab176c05ff003e40879b4d1107df4205f53e98e00ae903a7e20,Yahoo,negative,0.6717,2025-04-10,-1
2025-04-10 13:41:08,EV maker Polestar bids to lure disgruntled Tesla owners with discounts,"Polestar is offering discounts of up to $20,000 towards a lease of its Polestar 3 vehicle for current Tesla owners in the United States, as the Swedish EV maker targets drivers shunning CEO Elon Musk's car brand.  The campaign on Polestar's website appears to be an attempt by the company to lure disgruntled Tesla customers with the discounts amid slower-than-expected EV demand and worries that higher tariffs may raise vehicle prices.  A long range, dual motor Polestar 3 with all the upgrade packs would cost around $93,000, the website says, but for Tesla owners using the discounts, the price would sink to $73,000.",https://finnhub.io/api/news?id=b9f263cba597e2c190b20a3a0e9a2e5378703f05fb2c00c966bcf96dc057ac85,Yahoo,negative,0.8488,2025-04-10,-1
2025-04-10 13:30:47,"Tesla Enters Saudi Market With Big Hopes, Sparse Chargers",Tesla launched sales in Saudi Arabia on April 9.,https://finnhub.io/api/news?id=c0ef524c63d76a02db3a7b12e6528c83ae6d359b67c9a01fae3e2197fbcd3004,Yahoo,negative,0.6896,2025-04-10,-1
2025-04-10 13:19:06,"OpenAI countersues Elon Musk, claiming he ‘has tried every tool available to harm’ the company","OpenAI escalated its legal battle with Elon Musk by countersuing the Tesla and xAI CEO, claiming he ""has tried every tool available to harm"" their company.",https://finnhub.io/api/news?id=39fa83c2672a6731234e0909b7049ac3da545b11b7247da759cbde773dd6047f,Yahoo,neutral,0.6605,2025-04-10,0
2025-04-10 13:10:18,"Magnificent 7 Shares Fall on China Trade War Exposure, Tesla Leads Losses","By Sabela Ojea Shares of the Magnificent 7 companies dropped Thursday after the White House said tariffs imposed on China by President Trump add up to 145%, erasing some of the gains from...",https://finnhub.io/api/news?id=776e5fbc50c26f89e6a16d1788d785a4d57b2f2ed20c26f58ef7211e6c6c366e,Finnhub,neutral,0.9616,2025-04-10,0
2025-04-10 12:57:51,Trump's 90-day tariff pause ripples through markets: What Wall Street is saying,Wall Street reacts to president Trump's surprising move on tariffs.,https://finnhub.io/api/news?id=b445c4bf14bdc85ffadea94b93aed969430a623fb35ff12bd3701221669bfa6e,Yahoo,positive,0.8336,2025-04-10,1
2025-04-10 12:46:13,QQQ: I Have Been Waiting For A Drop Like This,"Take advantage of market dips with Invesco QQQ ETF. Backed by top tech stocks & AI growth, it's a solid play for high returns. Click to know why I rate QQQ as a Buy.",https://finnhub.io/api/news?id=dc5c4aa9b26ac5e0b891768c545b8382da973c1a6362aa9114f40ca27995964f,SeekingAlpha,neutral,0.7985,2025-04-10,0
2025-04-10 12:41:54,Tesla Rallies as U.S. Tariff Pause Ignites Comeback Across EV Sector,"Tesla leads broad EV sector gains after tariff pause, while investors eye potential U.S.-China trade reset",https://finnhub.io/api/news?id=2e80ba6edbaba3f526cdbad41342ed28abda13da9bac60da94273ccf48b8ca6d,Yahoo,negative,0.5472,2025-04-10,-1
2025-04-10 12:32:00,ESG Still Matters. 3 Defensive Stocks That Make the Grade.,ESG Still Matters. 3 Defensive Stocks That Make the Grade.,https://finnhub.io/api/news?id=2f1105f3dfcd5cd644f0a1d01686600ce5c74026d15ec6b06e9ba489a1ec1115,MarketWatch,positive,0.8893,2025-04-10,1
2025-04-10 12:31:00,"Palantir, Crispr, and Other Stocks Cathie Wood Thinks Could Emerge Strong From a Recession",The ARK Invest CEO says companies offering innovative solutions—like some of the top holdings in her funds—tend to gain traction in tough times.,https://finnhub.io/api/news?id=b2a0e3342af166714d71df36862ed0d6ed6b3e912b342708972f61edd0f932e3,Yahoo,negative,0.9484,2025-04-10,-1
2025-04-10 12:23:52,"Tesla (TSLA) Stuns Wall Street with 22% Rally, Marks Best Day Since 2013",Tesla Soars on Tariff Relief as Market Follows,https://finnhub.io/api/news?id=c840cdc660399bda134e159e28473bbb69c6da331d60eaffa37fd49c728fba09,Yahoo,negative,0.8981,2025-04-10,-1
2025-04-10 12:15:53,Lawmakers seek details of USDOT ethics oversight of Elon Musk business probes,Two U.S. House of Representatives lawmakers on Thursday asked the Transportation Department's top ethics official to detail how the agency is addressing Elon Musk's potential conflicts of interest...,https://finnhub.io/api/news?id=2d31e095d1dd2aa332ab9614571aaca656dd87f66fa8e9e62f9e0e3c4cf70e9b,Finnhub,positive,0.857,2025-04-10,1
2025-04-10 12:06:21,"Tesla (TSLA) Is Still the Top Pick – AI, Robotics, and Energy Drive the Future","We recently published a list of 10 AI Stocks Investors Are Watching Today. In this article, we are going to take a look at where Tesla, Inc. (NASDAQ:TSLA) stands against other AI stocks investors are watching today. Tech experts strongly believe that the new tariffs could potentially slow down the AI boom. “The AI Revolution […]",https://finnhub.io/api/news?id=ebbf987bad83e967d6908324f9cbff9c7c7b490d403bdeb54c301b701a348641,Yahoo,positive,0.8103,2025-04-10,1
2025-04-10 11:37:27,Energy Transition Today - Atlantica Bolsters Uruguay Presence with Key Transmission Line Acquisition,"Atlantica Sustainable Infrastructure has completed the acquisition of a 231 km transmission line in Uruguay, strengthening its foothold in the energy transition landscape. The line, operational since 2019, has a financial lease agreement with UTE, running until 2049, with payments adjusted monthly to American inflation. With this acquisition, Atlantica now operates over 2,212 km of transmission lines in South America and enhances its strategic partnership with UTE, which is also the offtaker...",https://finnhub.io/api/news?id=d53666e658273dd97fef91d4b1805d8037d6d7ce0f0ed6d604dde90434d2546a,Yahoo,negative,0.9559,2025-04-10,-1
2025-04-10 11:34:22,OpenAI countersues Elon Musk in legal dispute over ChatGPT maker's business ambitions,"OpenAI is suing Elon Musk for unfair competition and interfering with its business relationships with investors and customers, escalating a legal battle between the ChatGPT maker and the billionaire...",https://finnhub.io/api/news?id=3c70f83a21ce7271a95705ad87080284d838e36c422f7ef64922f33a5b4216ff,Finnhub,neutral,0.8809,2025-04-10,0
2025-04-10 11:13:00,Harbor Capital Factor U.S. Large Cap ETF Q4 2024 Commentary,"During the fourth quarter, Harbor Human Capital Factor US Large Cap ETF returned 2.72%, (at NAV) slightly underperforming CIBC Human Capital Index, which returned 2.80%.",https://finnhub.io/api/news?id=d513c95f6496914a3dbc2eb9f9d0b1f3e3ebba81993138c72ceab7f04b45ca60,SeekingAlpha,positive,0.8937,2025-04-10,1
2025-04-10 11:05:47,Lawmakers probe USDOT ethics oversight of Elon Musk business probes,Two House lawmakers asked the Transportation Department's top ethics official to detail how the agency is addressing potential conflicts of interest regarding Trump adviser Elon Musk given ongoing...,https://finnhub.io/api/news?id=748ba3b0690fdd745bc9090569636f90c84735e7ba90462e96e21bf0ad3e24ce,Finnhub,neutral,0.4942,2025-04-10,0
2025-04-10 10:39:00,Harbor Dividend Growth Leaders ETF Q4 2024 Commentary,,https://finnhub.io/api/news?id=4e4e7ace0952f54374a9a311db1fd617812c541c75ac31706ebafdbff6f351a3,SeekingAlpha,negative,0.839,2025-04-10,-1
2025-04-10 10:00:00,"Most large cryptocurrencies decrease on Ethereum, Solana drops","Most large cryptocurrencies decrease on Ethereum, Solana drops",https://finnhub.io/api/news?id=6783fc99580cb61ec24559956e6133a7e32bd8d9ce91b4cdb04e4a3f238d42a9,MarketWatch,neutral,0.9576,2025-04-10,0
2025-04-10 09:57:00,"Ford, GM Stocks Are Dropping. Downgrades, Cuts Show Tariffs Are Still a Problem.","Ford, GM Stocks Are Dropping. Downgrades, Cuts Show Tariffs Are Still a Problem.",https://finnhub.io/api/news?id=16d3c8421a2a7b9b356999e1db6ac9253889dbdcd3cff518f13c2f3a96acac9c,MarketWatch,neutral,0.9707,2025-04-10,0
2025-04-10 09:42:00,S&P 500 2025 Q1 Earnings Preview: A Clearing Event Or More Uncertainty?,"Heading into earnings season, Q1 growth expectations were revised down by 4.3 percentage points. Click to read.",https://finnhub.io/api/news?id=358bee2905e6be8ed3ab34bb6c6ec28254a76aba8c4747b702e838a6ff53844a,SeekingAlpha,positive,0.7685,2025-04-10,1
2025-04-10 09:35:51,"Tesla's Damage Isn't Irreversible, But A Rebound Won't Come Easily (Upgrade)","Tesla, Inc.'s stock faces risks with declining market share and tariffs, but the upcoming Model Q launch may shift the narrative. Click for my TSLA stock update.",https://finnhub.io/api/news?id=212d99d3b2e8821acd9d305e7e41914b14b49e48fd9df0d01a87f4d99686b8db,SeekingAlpha,positive,0.8131,2025-04-10,1
2025-04-10 09:14:31,"Dow Jones Futures Tumble 600 Points After Surprise Inflation Report; Nvidia, Tesla Sell Off","Dow Jones Futures Tumble 600 Points After Surprise Inflation Report; Nvidia, Tesla Sell Off",https://finnhub.io/api/news?id=c10081ca209374ee31a7ba8040ba750538362d74aced870426f81028149a7eda,DowJones,neutral,0.8887,2025-04-10,0
2025-04-10 09:00:00,"Tesla: Load Up, Buckle In, And Ignore The Bears",Tesla's well-diversified manufacturing footprint and solid profitability is well-positioned to navigate the tariff headwinds. See why I remain bullish on TSLA.,https://finnhub.io/api/news?id=ff1c0a41c63cc053eecf20d30af9152e4715894fc1969400474e4ce2309829a2,SeekingAlpha,positive,0.926,2025-04-10,1
2025-04-10 08:57:49,Tesla Stock Booked Its Second-Best Day Gain Ever. Here's Why Analysts Cut Price Targets.,Tesla Stock Booked Its Second-Best Day Gain Ever. Here's Why Analysts Cut Price Targets.,https://finnhub.io/api/news?id=07c690c472196cab5f3e79b6c51c9bb2f6a44346f9249fbed18681df89fe01ab,DowJones,positive,0.6728,2025-04-10,1
2025-04-10 08:55:03,Retail Investors’ Dogged Optimism Is Rewarded in Monster Rally,"(Bloomberg) -- As US stocks staged a chart-busting rally on Wednesday after President Donald Trump’s about-face in his trade policy, one group of investors had an especially sweet victory. Retail traders — who kept buying shares even when benchmark indexes tumbled and institutional investors fled — notched a 17% gain on Wednesday. That helped them nearly break even for the year, according to data from Emma Wu, JPMorgan Chase & Co.’s global quantitative and derivatives strategist. The S&P 500 Ind",https://finnhub.io/api/news?id=5d5475aa43d69db78bb93d6b6f1c346ce8cc9ee067233d41b0b50cd111516f17,Yahoo,negative,0.5416,2025-04-10,-1
2025-04-10 08:23:00,Is Lucid Eating Tesla's Lunch?,"The automotive industry is highly loyal, and one of the biggest challenges is ""conquesting"" consumers, which is simply one brand taking a customer from another.  Since Tesla (NASDAQ: TSLA) vehicles hit the roads, the company has thoroughly dominated the U.S. market in sales volumes, but a recent backlash against the once unflappable brand may have sent consumers fleeing to a competitor you might not expect: Lucid (NASDAQ: LCID).  Lucid's interim CEO made some very intriguing comments recently, and investors should take note of them.",https://finnhub.io/api/news?id=4cf8f6809d838f45a6fe6e23ad44a1b4a8505307af9af2dd9ba89d6ab63fcda7,Yahoo,positive,0.8715,2025-04-10,1
2025-04-10 08:20:00,Mawer Investment Management Q1 2025 Quarterly Update,,https://finnhub.io/api/news?id=77e12cfaf5927aea6e017d0149386bcec442a4e2c435a0a00d4e2e585eabeac4,SeekingAlpha,positive,0.9096,2025-04-10,1
2025-04-10 08:19:00,A Top Wall Street Analyst Just Slashed His Price Target for Tesla Stock by 43% -- and It Might Not Be Enough,"Dan Ives is the global head of technology research at Wedbush Securities, and he is consistently one of the most bullish voices on Wall Street when it comes to America's most innovative companies.  Although Ives has previously said Tesla's full self-driving (FSD) platform could be a $1 trillion opportunity for the company, he's worried about the potential damage CEO Elon Musk might have inflicted on the brand due to his ongoing role in politics.  It might be showing up in Tesla's numbers, because the company's electric vehicle (EV) sales plummeted in the first quarter of 2025.",https://finnhub.io/api/news?id=e24c863a85039ee40391422ca86683c027ab56cc8332ebd8aafc133d97f46797,Yahoo,neutral,0.8772,2025-04-10,0
2025-04-10 07:29:10,Tesla's Saudi Launch Is Sign That Musk's Feud Has Ended,"Tesla is opening up shop in Saudi Arabia in the latest sign that CEO Elon Musk has put to rest a once-bitter feud with Yasir Al Rumayyan, head of the $925 billion Public Investment Fund. Bloomberg's Matthew Martin reports.",https://finnhub.io/api/news?id=b881d0244e93ff34ac16138d1f512a0622fa43bc6e3c376b6fa1fdf882bfe21d,Yahoo,neutral,0.8213,2025-04-10,0
